<step title="BackgroundTrace" date="2025-12-13T16:09:32.454" instance="b08b79" url="/api/zipdeploy" method="POST" >
  <step title="Creating temporary deployment - FetchDeploymentManager" date="2025-12-13T16:09:32.560" /><!-- duration: 5ms -->
  <step title="Creating temporary deployment" date="2025-12-13T16:09:32.572" /><!-- duration: 79ms -->
  <step title="Performing fetch based deployment" date="2025-12-13T16:09:32.712" >
    <step title="Cleaning up temp folders from previous zip deployments and extracting pushed zip file /tmp/zipdeploy/29db7892-1e37-4016-b5a2-b960e1e9a284.zip (0.07 MB) to /tmp/zipdeploy/extracted" date="2025-12-13T16:09:33.969" >
      <step title="ChmodRecursive Process exited with total time taken in ms: 39" date="2025-12-13T16:09:34.083" /><!-- duration: 5ms -->
    </step><!-- duration: 126ms -->
    <step title="Deployment timer started" date="2025-12-13T16:09:36.131" >
      <step title="DeploymentManager.Deploy(id:fd9f07bd-1d8b-4c65-86a2-3a13e6bc55b0)" date="2025-12-13T16:09:36.143" >
        <step title="Collecting changeset information" date="2025-12-13T16:09:36.161" /><!-- duration: 133ms -->
        <step title="Updating submodules" date="2025-12-13T16:09:36.306" /><!-- duration: 1169ms -->
        <step title="Determining deployment builder" date="2025-12-13T16:09:37.739" >
          <step title="Builder is OryxBuilder" date="2025-12-13T16:09:37.796" /><!-- duration: 21ms -->
        </step><!-- duration: 90ms -->
        <step title="PreDeployment: context.CleanOutputPath False" date="2025-12-13T16:09:37.901" >
          <step title="PreDeployment: context.OutputPath /home/site/wwwroot" date="2025-12-13T16:09:38.060" >
            <step title="Building" date="2025-12-13T16:09:38.245" >
              <step title="Executing external process" date="2025-12-13T16:09:38.649" type="process" path="bash" arguments="-c &quot;oryx build /tmp/zipdeploy/extracted -o /home/site/wwwroot --platform nodejs --platform-version 20 -p virtualenv_name= --log-file /tmp/build-debug.log  -i /tmp/8de3a6203d1a944 -p compress_node_modules=tar-gz | tee /tmp/oryx-build.log ; exit $PIPESTATUS &quot;" /><!-- duration: 18006ms -->
              <step title="Using GenericDeploymentLogParser" date="2025-12-13T16:09:57.103" /><!-- duration: 16ms -->
              <step title="Triggering recycle (preview mode disabled)." date="2025-12-13T16:09:58.520" /><!-- duration: 13ms -->
              <step title="Modified file to trigger a restart of the app container." date="2025-12-13T16:09:58.583" /><!-- duration: 8ms -->
              <step title="Skip function trigger and logicapp sync because function is not enabled." date="2025-12-13T16:09:58.598" /><!-- duration: 17ms -->
            </step><!-- duration: 21274ms -->
          </step><!-- duration: 21468ms -->
          <step title="Cleaning up temp files" date="2025-12-13T16:09:59.539" /><!-- duration: 264ms -->
          <step title="Cleaning up temp files" date="2025-12-13T16:09:59.832" /><!-- duration: 562ms -->
          <step title="Reloading status file with latest updates" date="2025-12-13T16:10:00.453" >
            <step title="WebHooksManager.PublishEventAsync: PostDeployment" date="2025-12-13T16:10:00.460" /><!-- duration: 44ms -->
          </step><!-- duration: 57ms -->
          <step title="Cleaning up temporary deployment - fetch deployment was successful" date="2025-12-13T16:10:00.521" /><!-- duration: 6ms -->
        </step><!-- duration: 22697ms -->
      </step><!-- duration: 24486ms -->
