<step title="Incoming Request" date="2025-12-13T15:15:06.545" instance="b08b79" url="/api/publish?type=zip" method="POST" type="request" pid="833,1,5" Accept="*/*" Host="streamhelper971.scm.azurewebsites.net" User-Agent="AZURECLI/2.81.0 (DEB)" Accept-Encoding="gzip, deflate" Authorization="Bea..." Cache-Control="no-cache" Content-Type="application/octet-stream" Cookie="ARRAffinity=b08b793703ed90c29d190499db3bc194822d9b232329810c8844678e66822c18; ARRAffinitySameSite=b08b793703ed90c29d190499db3bc194822d9b232329810c8844678e66822c18" Content-Length="82492" x-ms-client-request-id="6362bfce-d836-11f0-931f-e00af6c3059b" x-ms-artifact-checksum="b818b45f08d5e3259f8235910ae36ca526808d87832f119f720377e629abaf43" X-ARR-LOG-ID="6362bfce-d836-11f0-931f-e00af6c3059b" CLIENT-IP="106.205.190.52:26490" X-SITE-DEPLOYMENT-ID="streamhelper971" WAS-DEFAULT-HOSTNAME="streamhelper971.scm.azurewebsites.net" X-Forwarded-Proto="https" X-AppService-Proto="https" X-Forwarded-TlsVersion="1.3" X-WAWS-Unencoded-URL="/api/publish?type=zip" X-Client-IP="106.205.190.52" X-Client-Port="26490" >
  <step title="Cleanup Xml Logs" date="2025-12-13T15:15:06.551" /><!-- duration: 11ms -->
  <step title="OneDeploy" date="2025-12-13T15:15:06.687" >
    <step title="None repository commit" date="2025-12-13T15:15:06.702" >
      <step title="Commit id: 9dd98d8f-41e8-49dd-8904-d092e211b3ea" date="2025-12-13T15:15:06.708" Message="N/A" AuthorName="N/A" AuthorEmail="N/A" /><!-- duration: 6ms -->
    </step><!-- duration: 18ms -->
    <step title="Starting PushDeployAsync" date="2025-12-13T15:15:06.726" /><!-- duration: 7ms -->
    <step title="Writing artifact to /tmp/zipdeploy/107a67e7-89c0-4464-91ba-e8de3d9932f0.zip" date="2025-12-13T15:15:06.756" >
      <step title="Writing multipart request body to /tmp/zipdeploy/107a67e7-89c0-4464-91ba-e8de3d9932f0.zip" date="2025-12-13T15:15:06.763" /><!-- duration: 9ms -->
    </step><!-- duration: 133ms -->
    <step title="None repository commit" date="2025-12-13T15:15:06.905" >
      <step title="Commit id: 9dd98d8f-41e8-49dd-8904-d092e211b3ea" date="2025-12-13T15:15:06.912" Message="N/A" AuthorName="N/A" AuthorEmail="N/A" /><!-- duration: 7ms -->
    </step><!-- duration: 20ms -->
    <step title="Attempting to fetch target branch HEAD" date="2025-12-13T15:15:06.936" /><!-- duration: 6ms -->
    <step title="Acquiring Deployment Lock" date="2025-12-13T15:15:06.950" /><!-- duration: 15ms -->
    <step title="Acquired Deployment Lock" date="2025-12-13T15:15:07.032" /><!-- duration: 6ms -->
    <step title="None repository commit" date="2025-12-13T15:15:07.052" >
      <step title="Commit id: 9dd98d8f-41e8-49dd-8904-d092e211b3ea" date="2025-12-13T15:15:07.058" Message="N/A" AuthorName="N/A" AuthorEmail="N/A" /><!-- duration: 7ms -->
    </step><!-- duration: 24ms -->
    <step title="Performing fetch based deployment" date="2025-12-13T15:15:07.084" >
      <step title="Creating temporary deployment" date="2025-12-13T15:15:07.091" /><!-- duration: 74ms -->
      <step title="Releasing Deployment Lock" date="2025-12-13T15:15:08.410" /><!-- duration: 15ms -->
      <step title="Cleaning up temp folders from previous zip deployments and extracting pushed zip file /tmp/zipdeploy/107a67e7-89c0-4464-91ba-e8de3d9932f0.zip (0.08 MB) to /tmp/zipdeploy/extracted" date="2025-12-13T15:15:08.476" >
        <step title="ChmodRecursive Process exited with total time taken in ms: 50" date="2025-12-13T15:15:08.569" /><!-- duration: 6ms -->
      </step><!-- duration: 105ms -->
      <step title="None repository commit" date="2025-12-13T15:15:08.587" >
        <step title="Commit id: 9dd98d8f-41e8-49dd-8904-d092e211b3ea" date="2025-12-13T15:15:08.600" Message="OneDeploy" AuthorName="N/A" AuthorEmail="N/A" /><!-- duration: 8ms -->
      </step><!-- duration: 27ms -->
      <step title="None repository commit" date="2025-12-13T15:15:10.623" >
        <step title="Commit id: 9dd98d8f-41e8-49dd-8904-d092e211b3ea" date="2025-12-13T15:15:10.630" Message="N/A" AuthorName="N/A" AuthorEmail="N/A" /><!-- duration: 8ms -->
      </step><!-- duration: 24ms -->
      <step title="Deployment timer started" date="2025-12-13T15:15:10.663" >
        <step title="DeploymentManager.Deploy(id:9dd98d8f-41e8-49dd-8904-d092e211b3ea)" date="2025-12-13T15:15:10.670" >
          <step title="Collecting changeset information" date="2025-12-13T15:15:10.696" /><!-- duration: 110ms -->
          <step title="Updating submodules" date="2025-12-13T15:15:10.818" /><!-- duration: 1182ms -->
          <step title="Determining deployment builder" date="2025-12-13T15:15:12.422" >
            <step title="Builder is OryxBuilder" date="2025-12-13T15:15:12.442" /><!-- duration: 21ms -->
          </step><!-- duration: 53ms -->
          <step title="PreDeployment: context.CleanOutputPath False" date="2025-12-13T15:15:12.563" >
            <step title="PreDeployment: context.OutputPath /home/site/wwwroot" date="2025-12-13T15:15:12.765" >
              <step title="Building" date="2025-12-13T15:15:12.988" >
                <step title="Executing external process" date="2025-12-13T15:15:13.392" type="process" path="bash" arguments="-c &quot;oryx build /tmp/zipdeploy/extracted -o /home/site/wwwroot --platform nodejs --platform-version 20 -p virtualenv_name= --log-file /tmp/build-debug.log  -i /tmp/8de3a5a6982a42b -p compress_node_modules=tar-gz | tee /tmp/oryx-build.log ; exit $PIPESTATUS &quot;" /><!-- duration: 40502ms -->
                <step title="Using GenericDeploymentLogParser" date="2025-12-13T15:15:54.723" /><!-- duration: 7ms -->
                <step title="Modified file to trigger a restart of the app container." date="2025-12-13T15:15:56.703" /><!-- duration: 7ms -->
                <step title="Skip function trigger and logicapp sync because function is not enabled." date="2025-12-13T15:15:56.732" /><!-- duration: 8ms -->
              </step><!-- duration: 45000ms -->
            </step><!-- duration: 45246ms -->
            <step title="Cleaning up temp files" date="2025-12-13T15:15:58.019" /><!-- duration: 250ms -->
            <step title="Cleaning up temp files" date="2025-12-13T15:15:58.275" /><!-- duration: 516ms -->
            <step title="Reloading status file with latest updates" date="2025-12-13T15:15:58.828" >
              <step title="WebHooksManager.PublishEventAsync: PostDeployment" date="2025-12-13T15:15:58.836" /><!-- duration: 128ms -->
            </step><!-- duration: 143ms -->
            <step title="Cleaning up temporary deployment - fetch deployment was successful" date="2025-12-13T15:15:58.981" /><!-- duration: 6ms -->
          </step><!-- duration: 46493ms -->
        </step><!-- duration: 48475ms -->
        <step title="Outgoing response" date="2025-12-13T15:15:59.178" type="response" statusCode="200" statusText="OK" /><!-- duration: 7ms -->
      </step><!-- duration: 48527ms -->
