<step title="Incoming Request" date="2025-12-13T15:55:15.397" instance="b08b79" url="/api/zipdeploy?isAsync=true" method="POST" type="request" pid="831,1,22" Accept="*/*" Host="streamhelper971.scm.azurewebsites.net" User-Agent="AZURECLI/2.81.0 (DEB)" Accept-Encoding="gzip, deflate" Authorization="Bea..." Cache-Control="no-cache" Content-Type="application/octet-stream" Content-Length="82492" x-ms-client-request-id="138fb10e-d83c-11f0-931f-e00af6c3059b" x-ms-artifact-checksum="bb526d7fce562dafb92de344770eeffc1cb1188bacfbbe22e84c58b2df11cc63" X-ARR-LOG-ID="138fb10e-d83c-11f0-931f-e00af6c3059b" CLIENT-IP="106.205.190.52:26486" X-SITE-DEPLOYMENT-ID="streamhelper971" WAS-DEFAULT-HOSTNAME="streamhelper971.scm.azurewebsites.net" X-Forwarded-Proto="https" X-AppService-Proto="https" X-Forwarded-TlsVersion="1.3" X-WAWS-Unencoded-URL="/api/zipdeploy?isAsync=true" X-Client-IP="106.205.190.52" X-Client-Port="26486" >
  <step title="ZipPushDeploy" date="2025-12-13T15:55:16.202" >
    <step title="ZipDeploy. Extract zip. Remote build." date="2025-12-13T15:55:16.212" /><!-- duration: 12ms -->
    <step title="None repository commit" date="2025-12-13T15:55:16.244" >
      <step title="Commit id: 03b47968-c3c8-4ce8-a85d-b04eb8541c03" date="2025-12-13T15:55:16.248" Message="N/A" AuthorName="N/A" AuthorEmail="N/A" /><!-- duration: 7ms -->
    </step><!-- duration: 17ms -->
    <step title="Starting PushDeployAsync" date="2025-12-13T15:55:16.266" /><!-- duration: 8ms -->
    <step title="Removing node_modules symlink" date="2025-12-13T15:55:16.318" >
      <step title="Removing _del_node_modules symlink" date="2025-12-13T15:55:16.402" >
        <step title="Writing artifact to /tmp/zipdeploy/5202d9c4-b145-40eb-8f78-a0a8570813cd.zip" date="2025-12-13T15:55:16.446" >
          <step title="Writing multipart request body to /tmp/zipdeploy/5202d9c4-b145-40eb-8f78-a0a8570813cd.zip" date="2025-12-13T15:55:16.454" /><!-- duration: 13ms -->
        </step><!-- duration: 207ms -->
        <step title="Removing previous build artifact&apos;s manifest file" date="2025-12-13T15:55:16.662" >
          <step title="None repository commit" date="2025-12-13T15:55:16.692" >
            <step title="Commit id: 03b47968-c3c8-4ce8-a85d-b04eb8541c03" date="2025-12-13T15:55:16.703" Message="N/A" AuthorName="N/A" AuthorEmail="N/A" /><!-- duration: 8ms -->
          </step><!-- duration: 30ms -->
          <step title="Start deployment in the background" date="2025-12-13T15:55:16.730" >
            <step title="None repository commit" date="2025-12-13T15:55:16.801" >
              <step title="Commit id: 03b47968-c3c8-4ce8-a85d-b04eb8541c03" date="2025-12-13T15:55:16.807" Message="N/A" AuthorName="N/A" AuthorEmail="N/A" /><!-- duration: 8ms -->
            </step><!-- duration: 20ms -->
            <step title="Acquiring Deployment Lock" date="2025-12-13T15:55:16.831" /><!-- duration: 15ms -->
            <step title="Acquired Deployment Lock" date="2025-12-13T15:55:16.908" /><!-- duration: 6ms -->
          </step><!-- duration: 315ms -->
        </step><!-- duration: 395ms -->
        <step title="Outgoing response" date="2025-12-13T15:55:17.078" type="response" statusCode="202" statusText="Accepted" /><!-- duration: 6ms -->
      </step><!-- duration: 688ms -->
