<step title="BackgroundTrace" date="2025-12-13T15:55:16.737" instance="b08b79" url="/api/zipdeploy" method="POST" >
  <step title="Creating temporary deployment - FetchDeploymentManager" date="2025-12-13T15:55:16.919" /><!-- duration: 5ms -->
  <step title="Creating temporary deployment" date="2025-12-13T15:55:16.934" /><!-- duration: 101ms -->
  <step title="Performing fetch based deployment" date="2025-12-13T15:55:17.116" >
    <step title="Cleaning up temp folders from previous zip deployments and extracting pushed zip file /tmp/zipdeploy/5202d9c4-b145-40eb-8f78-a0a8570813cd.zip (0.08 MB) to /tmp/zipdeploy/extracted" date="2025-12-13T15:55:18.389" >
      <step title="ChmodRecursive Process exited with total time taken in ms: 39" date="2025-12-13T15:55:18.514" /><!-- duration: 6ms -->
    </step><!-- duration: 148ms -->
    <step title="Deployment timer started" date="2025-12-13T15:55:20.586" >
      <step title="DeploymentManager.Deploy(id:03b47968-c3c8-4ce8-a85d-b04eb8541c03)" date="2025-12-13T15:55:20.605" >
        <step title="Collecting changeset information" date="2025-12-13T15:55:20.647" /><!-- duration: 126ms -->
        <step title="Updating submodules" date="2025-12-13T15:55:20.787" /><!-- duration: 1167ms -->
        <step title="Determining deployment builder" date="2025-12-13T15:55:22.281" >
          <step title="Builder is OryxBuilder" date="2025-12-13T15:55:22.307" /><!-- duration: 6ms -->
        </step><!-- duration: 39ms -->
        <step title="PreDeployment: context.CleanOutputPath False" date="2025-12-13T15:55:22.398" >
          <step title="PreDeployment: context.OutputPath /home/site/wwwroot" date="2025-12-13T15:55:22.739" >
            <step title="Building" date="2025-12-13T15:55:22.940" >
              <step title="Executing external process" date="2025-12-13T15:55:23.332" type="process" path="bash" arguments="-c &quot;oryx build /tmp/zipdeploy/extracted -o /home/site/wwwroot --platform nodejs --platform-version 20 -p virtualenv_name= --log-file /tmp/build-debug.log  -i /tmp/8de3a6005e3b316 -p compress_node_modules=tar-gz | tee /tmp/oryx-build.log ; exit $PIPESTATUS &quot;" /><!-- duration: 32346ms -->
              <step title="Using GenericDeploymentLogParser" date="2025-12-13T15:55:56.261" /><!-- duration: 10ms -->
              <step title="Triggering recycle (preview mode disabled)." date="2025-12-13T15:55:57.685" /><!-- duration: 11ms -->
              <step title="Modified file to trigger a restart of the app container." date="2025-12-13T15:55:57.738" /><!-- duration: 9ms -->
              <step title="Skip function trigger and logicapp sync because function is not enabled." date="2025-12-13T15:55:57.761" /><!-- duration: 20ms -->
            </step><!-- duration: 35709ms -->
          </step><!-- duration: 35919ms -->
          <step title="Cleaning up temp files" date="2025-12-13T15:55:58.664" /><!-- duration: 232ms -->
          <step title="Cleaning up temp files" date="2025-12-13T15:55:58.912" /><!-- duration: 515ms -->
          <step title="Reloading status file with latest updates" date="2025-12-13T15:55:59.503" >
            <step title="WebHooksManager.PublishEventAsync: PostDeployment" date="2025-12-13T15:55:59.511" /><!-- duration: 88ms -->
          </step><!-- duration: 103ms -->
          <step title="Cleaning up temporary deployment - fetch deployment was successful" date="2025-12-13T15:55:59.619" /><!-- duration: 6ms -->
        </step><!-- duration: 37288ms -->
      </step><!-- duration: 39114ms -->
